{"accuracy": [0.19524669647216797, 0.2885078191757202, 0.3279181718826294, 0.36492177844047546, 0.3995186388492584, 0.4440433084964752, 0.4551744759082794, 0.4828519821166992, 0.48435619473457336, 0.48736461997032166, 0.5180505514144897, 0.5258724689483643, 0.5318893194198608, 0.5487364530563354, 0.5559566617012024, 0.5571600198745728, 0.5673887133598328, 0.5728038549423218, 0.5731046795845032, 0.5962695479393005, 0.5995787978172302, 0.6070998907089233, 0.6320697665214539, 0.6305655837059021, 0.6224428415298462], "loss": [2.336019277572632, 2.0443053245544434, 1.9191405773162842, 1.8094594478607178, 1.7042477130889893, 1.6151846647262573, 1.5477111339569092, 1.4718819856643677, 1.4491136074066162, 1.4490854740142822, 1.3627995252609253, 1.3489364385604858, 1.3220332860946655, 1.2905755043029785, 1.2635596990585327, 1.249721884727478, 1.2340977191925049, 1.185118556022644, 1.2336819171905518, 1.1727278232574463, 1.138874888420105, 1.1200233697891235, 1.0538015365600586, 1.054742693901062, 1.078317642211914], "val_accuracy": [0.2917250990867615, 0.33800840377807617, 0.39831697940826416, 0.4754558205604553, 0.538569450378418, 0.5525946617126465, 0.5469845533370972, 0.575035035610199, 0.5427770018577576, 0.6213183999061584, 0.5792426466941833, 0.6479663252830505, 0.6311360597610474, 0.6143057346343994, 0.6227208971977234, 0.6100981831550598, 0.6577839851379395, 0.625525951385498, 0.678821861743927, 0.7012622952461243, 0.7110799551010132, 0.7012622952461243, 0.6676017045974731, 0.6802244186401367, 0.6409537196159363], "val_loss": [2.0200002193450928, 1.8827643394470215, 1.7525502443313599, 1.5848840475082397, 1.4373111724853516, 1.3824046850204468, 1.3137136697769165, 1.3225451707839966, 1.3130360841751099, 1.151968240737915, 1.229723334312439, 1.0602909326553345, 1.1454119682312012, 1.1452152729034424, 1.065815806388855, 1.0623258352279663, 0.9851435422897339, 1.0419559478759766, 0.9666635990142822, 0.8918322920799255, 0.8411093354225159, 0.8813715577125549, 0.9549704194068909, 0.9121698141098022, 1.0571352243423462]}