{"accuracy": [0.5012500286102295, 0.5325000286102295, 0.625, 0.8824999928474426, 0.9512500166893005, 0.987500011920929, 0.9925000071525574, 0.9975000023841858], "loss": [0.6942716240882874, 0.6916080713272095, 0.6773019433021545, 0.34944212436676025, 0.15999045968055725, 0.06206490844488144, 0.031832505017519, 0.012857300229370594], "val_accuracy": [0.5199999809265137, 0.5299999713897705, 0.7300000190734863, 0.7599999904632568, 0.8299999833106995, 0.800000011920929, 0.8500000238418579, 0.8299999833106995], "val_loss": [0.6925280690193176, 0.6914176940917969, 0.6157901883125305, 0.6492246389389038, 0.4802173376083374, 0.5790314078330994, 0.7334502935409546, 0.7310463786125183]}